<employees>
	<employee sr="01">
		<id>1</id>
		<name> Jhon Doe </name>
		<address>
			<flat> </flat>
			<house>38</house>
			<road>3</road>
			<area> Banani </area>
			<district> Dhaka </district>
		</address>
		<department> Sales </department>
		<salary>$20000</salary>
	</employee>
	<employee sr="02">
		<id>2</id>
		<name> Mark Zuckerberg </name>
		<address> 
			<flat> A1 </flat>
			<house>20</house>
			<road>18</road>
			<area> Mirpur </area>
			<district> Dhaka </district>
		</address>
		<department> Account </department>
		<salary>$12000</salary>
	</employee>
	<employee sr="03">
		<id>3</id>
		<name> Ala Voski </name>
		<address> 
			<flat> </flat>
			<house>38</house>
			<road>3</road>
			<area> Motijheel </area>
			<district> </district>
		</address>
		<department> Human Resource </department>
		<salary>$30000</salary>
	</employee>
</employees>